{
    "best_cv_roc_auc": 0.8881347698510706,
    "best_params": {
        "n_estimators": 577,
        "max_depth": 4,
        "learning_rate": 0.014635978833308359,
        "subsample": 0.8006255781152644,
        "colsample_bytree": 0.7524701858272966,
        "gamma": 0.45713962413348797,
        "min_child_weight": 6
    }
}