{
    "LogisticRegression": {
        "accuracy": 0.8156424581005587,
        "precision": 0.78125,
        "recall": 0.7246376811594203,
        "f1_score": 0.7518796992481203,
        "roc_auc": 0.8555994729907774,
        "cv_roc_auc": 0.8586134199888118
    },
    "RandomForest": {
        "accuracy": 0.8100558659217877,
        "precision": 0.7611940298507462,
        "recall": 0.7391304347826086,
        "f1_score": 0.75,
        "roc_auc": 0.8316864295125166,
        "cv_roc_auc": 0.8733157330884603
    },
    "XGBoost": {
        "accuracy": 0.8100558659217877,
        "precision": 0.7692307692307693,
        "recall": 0.7246376811594203,
        "f1_score": 0.746268656716418,
        "roc_auc": 0.8201581027667983,
        "cv_roc_auc": 0.8777365742060098
    },
    "NeuralNetwork": {
        "accuracy": 0.776536312849162,
        "precision": 0.7101449275362319,
        "recall": 0.7101449275362319,
        "f1_score": 0.7101449275362319,
        "roc_auc": 0.8238471673254282,
        "cv_roc_auc": 0.8464581684134975
    }
}